"秋元真夏","あきもとまなつ","1","akimotomanatsu_list.jpg","1993-08-20"
"生田絵梨花","いくたえりか","1","ikutaerika_list.jpg","1997-01-22"
"井上小百合","いのうえさゆり","1","inouesayuri_prof.jpg","1994-12-14"
"衛藤美彩","えとうみさ","1","etoumisa_list.jpg","1993-01-04"
"斉藤優里","さいとうゆうり","1","saitouyuuri_prof.jpg","1993-07-20"
"齋藤飛鳥","さいとうあすか","1","saitouasuka_list.jpg","1998-08-10"
"桜井玲香","さくらいれいか","1","sakuraireika_prof.jpg","1994-05-16"
"白石麻衣","しらいしまい","1","shiraishimai_list.jpg","1992-08-20"
"高山一実","たかやまかずみ","1","takayamakazumi_list.jpg","1994-02-08"
"中田花奈","なかだかな","1","nakadakana_prof.jpg","1994-08-06"
"西野七瀬","にしのななせ","1","nishinonanase_list.jpg","1994-05-25"
"樋口日奈","ひぐちひな","1","higuchihina_prof.jpg","1998-01-31"
"星野みなみ","ほしのみなみ","1","hoshinominami_list.jpg","1998-02-06"
"松村沙友理","まつむらさゆり","1","matsumurasayuri_prof.jpg","1992-08-27"
"和田まあや","わだまあや","1","wadamaaya_prof.jpg","1998-04-23"
"伊藤かりん","いとうかりん","2","itoukarin_prof.jpg","1993-05-26"
"伊藤純奈","いとうじゅんな","2","itoujunna_list.jpg","1998-11-30"
"北野日奈子","きたのひなこ","2","kitanohinako_list.jpg","1996-07-17"
"佐々木琴子","ささきことこ","2","sasakikotoko_list.jpg","1998-08-28"
"新内眞衣","しんうちまい","3","shinuchimai_list.jpg","1992-01-22"
"鈴木絢音","すずきあやね","2","suzukiayane_list.jpg","1999-03-05"
"寺田蘭世","てれだらんぜ","2","teradaranze_prof.jpg","1998-09-23"
"堀未央奈","ほりみおな","2","horimiona_prof.jpg","1996-10-15"
"山崎怜奈","やまざきれな","2","yamazakirena_prof.jpg","1997-05-21"
"渡辺みり愛","わたなべみりあ","2","watanabemiria_list.jpg","1999-11-01"
"伊藤理々杏","いとうりりあ","3","itouriria_list.jpg","2002-10-08"
"岩本蓮加","いわもとれんか","3","iwamotorenka_list.jpg","2004-02-02"
"梅沢美波","うめざわみなみ","3","umezawaminami_list.jpg","1999-01-06"
"大園桃子","おおぞのももこ","3","oozonomomoko_prof.jpg","1999-09-13"
"久保史緒里","くぼしおり","3","kuboshiori_list.jpg","2001-07-14"
"阪口珠美","さかぐちたまみ","3","sakaguchitamami_list.jpg","2001-11-10"
"佐藤楓","さとうかえで","3","satoukaede_list.jpg","1998-03-23"
"中村麗乃","なかむられの","3","nakamurareno_list.jpg","2001-09-27"
"向井葉月","むかいはづき","3","mukaihazuki_list.jpg","1999-08-23"
"山下美月","やましたみづき","3","yamashitamizuki_prof.jpg","1999-07-26"
"吉田彩乃クリスティー","よしだあやのくりすてぃー","3","yoshidaayanochristie_list.jpg","1995-09-06"
"与田祐希","よだゆうき","3","yodayuuki_prof.jpg","2000-05-05"
"遠藤さくら","えんどうさくら","4","endousakura_prof.jpg","2001-10-03"
"賀喜遥香","かきはるか","4","kakiharuka_list.jpg","2001-08-08"
"掛橋沙耶香","かけはしさやか","4","kakehashisayaka_list.jpg","2002-11-20"
"金川紗耶","かながわさや","4","kanagawasaya_list.jpg","2001-10-31"
"北川悠里","きたがわゆり","4","kitagawayuri_list.jpg","2001-08-08"
"柴田柚菜","しばたゆな","4","shibatayuna_list.jpg","2003-03-03"
"清宮レイ","せいみやれい","4","seimiyarei_list.jpg","2003-08-01"
"田村真佑","たむらまゆ","4","tamuramayu_list.jpg","1999-01-12"
"筒井あやめ","つついあやめ","4","tsutsuiayame_list.jpg","2004-06-08"
"早川聖来","はやかわせいら","4","hayakawaseira_list.jpg","2000-08-24"
"矢久保美緒","やくぼみお","4","yakubomio_list.jpg","2002-08-14"